step,time,ce
1,2018-12-02T19:22:21.422424,2.420459e+00
