step,time,ce
1,2018-12-01T13:18:05.593896,2.374567e+00
